id;nombre;apellido;correo;telefono;direccion;tipo_identificacion;numero_identificacion;keycloak_id
1;obtrude nor once;ha excepting;toaster;valentine;consequently;DNI;yippee;powerfully yowza
2;crowded worst cinch;creature;snuggle incidentally mid;scramble whose;daily hmph;PASAPORTE;courageously duh woot;lieu meanwhile
3;zowie ha;necklace curiously;concerning drat;besides;perp seldom;DNI;cloudy;meanwhile fibre
4;phooey doubtfully;ew;wherever;fervently fearless converse;um;PASAPORTE;publication boo;achieve aside
5;deliberately um glossy;severe;warped gadzooks;ugh faithfully mmm;how;RUC;ha collaboration;dandelion wherever going
6;dissemble;cantaloupe;showboat deficient wherever;secrecy equal;inside questioningly fishery;RUC;secondary as;chime
7;through;sense;mesh hence;mozzarella;before unit;DNI;since quickly;alongside
8;dependency interestingly because;helplessly;rebel uniform;soon;abnormally;RUC;heavenly;yowza wildly beard
9;after;handsome cappelletti;co-producer;list after beneath;fledgling orientate;RUC;honesty but;buck
10;truthfully quizzically;actually;ah planula incidentally;circa deceivingly zowie;festival instead;RUC;patiently beautifully regarding;tensely
