id;titulo;descripcion;imagen_fondo_url;correo;activo
1;um sup likewise;../fake-data/blob/hipster.txt;sardonic;technician oof yieldingly;false
2;drat;../fake-data/blob/hipster.txt;behind ugh gigantic;lively crossly;false
3;too general yuck;../fake-data/blob/hipster.txt;whether showy once;boohoo;true
4;whereas although scorpion;../fake-data/blob/hipster.txt;bah hm nightlife;unfortunately besides;true
5;crossly whenever gracefully;../fake-data/blob/hipster.txt;since;publicity puzzled on;false
6;unimportant phew;../fake-data/blob/hipster.txt;suddenly;so though forenenst;true
7;yippee;../fake-data/blob/hipster.txt;famously alongside really;gosh drat amidst;false
8;for yuck exonerate;../fake-data/blob/hipster.txt;to and after;honestly under boo;false
9;underneath questionably;../fake-data/blob/hipster.txt;joyous afore;on key;false
10;inveigle eulogise including;../fake-data/blob/hipster.txt;pro configuration;whereas;false
