id;titulo;descripcion;imagen_fondo_url;texto_boton;enlace_boton;orden;activo
1;than weakly qua;../fake-data/blob/hipster.txt;tinderbox conservation boohoo;snuggle ill;meanwhile submissive;28045;false
2;since regarding ick;../fake-data/blob/hipster.txt;yet of;at;pastel notwithstanding;28660;false
3;whirlwind;../fake-data/blob/hipster.txt;deed;impassioned unwritten;until;14123;true
4;when;../fake-data/blob/hipster.txt;provided;promptly yin;except ferret abnormally;19842;true
5;busily but;../fake-data/blob/hipster.txt;concerning hence;perfumed;wee duh gee;24976;true
6;large gripping;../fake-data/blob/hipster.txt;scented;antelope own fooey;furthermore;18936;true
7;capsize gleaming;../fake-data/blob/hipster.txt;whoa;highly;nasalise;32130;true
8;nicely after;../fake-data/blob/hipster.txt;after mobility in;flashy;like ouch geez;3971;false
9;yahoo soft glaring;../fake-data/blob/hipster.txt;er;of briefly;scale plugin vastly;23542;false
10;longingly inwardly although;../fake-data/blob/hipster.txt;busily;carpool off kindheartedly;ew sonar because;32163;false
